Model,Accuracy,Precision,Recall,F1-Score,Balanced Accuracy
CatBoost,0.9004366812227074,0.8924731182795699,0.9296,0.9106583072100314,0.8974923076923077
Random Forest,0.891703056768559,0.8847926267281107,0.9216,0.9028213166144201,0.8886846153846153
Decision Tree,0.8864628820960698,0.8813559322033898,0.9152,0.8979591836734694,0.8835615384615385
XGBoost,0.8672489082969432,0.865533230293663,0.896,0.8805031446540881,0.8643461538461539
